LocationID,lat,lon
1,191376.749531,935996.821016
2,164018.754403,1031085.718604
3,254265.478659,1026452.616874
4,202959.782392,990633.980643
5,140681.351376,931871.370068
6,157998.935612,964319.735447
7,216719.218169,1006496.679159
8,222936.087554,1005551.571189
9,212969.849014,1043002.677424
10,186706.496469,1042223.605073
11,159429.316884,982170.783234
12,195378.972862,979934.730624
13,198691.525438,979792.331029
14,166921.550422,975952.035082
15,224738.612976,1043521.383046
16,217243.760496,1047016.784330
17,191215.068359,998142.206078
18,255416.742153,1014623.327275
19,207352.352516,1060002.749610
20,251810.303513,1015821.861453
21,158393.657786,988821.391578
22,162323.828724,985566.417655
23,160268.123713,936800.381423
24,231458.376056,993807.271657
25,189071.579139,988101.221324
26,169148.407469,987397.462667
27,142998.097107,1010116.052590
28,198588.180364,1037276.450260
29,150924.276878,995023.095008
30,159266.086884,1033697.381939
31,251801.913395,1018696.400632
32,254085.684147,1021618.218391
33,192774.492366,985567.139363
34,194618.425747,992238.744875
35,181203.321105,1009147.231499
36,194506.264574,1007067.378455
37,192491.072549,1005813.837636
38,192354.375342,1057581.885731
39,171746.348940,1012077.483152
40,186726.944173,985371.611029
41,232321.290548,997734.645235
42,237395.871548,1000643.632259
43,224356.212212,993789.009698
44,130813.717309,919325.670701
45,198844.636117,984762.469284
46,248697.327000,1044565.404971
47,246329.044266,1011831.010201
48,216986.070034,987063.185704
49,189923.679931,994687.798907
50,218437.820285,985597.534388
51,257736.031772,1031744.971090
52,189441.987182,985158.534259
53,223823.082735,1027782.026538
54,189642.160298,983442.583194
55,149479.235295,987599.176310
56,209422.594856,1023365.172612
57,213218.634925,1024817.453806
58,245891.954293,1033945.796696
59,244801.239916,1013307.866879
60,243143.057810,1015824.071710
61,185009.747695,1001091.014154
62,182119.288574,998457.147476
63,188441.231894,1018038.508019
64,216496.533698,1056461.169228
65,192606.948348,988108.376646
66,195128.663515,988214.545986
67,165020.585399,980418.277886
68,211948.912400,984272.778635
69,242196.037614,1007764.085655
70,217413.870581,1020706.745135
71,174013.844301,1001465.156216
72,176959.914925,1005823.703994
73,214077.620674,1037640.237812
74,231170.723135,1001596.482200
75,227103.759625,999272.111385
76,180096.554283,1018425.395770
77,182139.047295,1013278.128653
78,247139.970246,1015923.650932
79,204368.501875,988147.657992
80,199911.286345,1001771.884299
81,260268.376470,1029422.420140
82,208718.589250,1018302.534288
83,208286.312745,1014131.047956
84,131946.886583,932076.450193
85,174677.623597,997674.781285
86,158853.814991,1052215.570596
87,196785.940844,982171.727888
88,195528.924800,981057.264300
89,171682.828385,995082.890243
90,209708.741848,985089.218653
91,167452.065768,1003654.144024
92,216612.815951,1031660.720870
93,209164.120470,1028348.080639
94,251942.571725,1012040.665243
95,202150.221556,1026474.842159
96,193239.009530,1019865.180905
97,190949.618064,991215.698246
98,206939.617855,1045981.358172
99,149465.339575,932463.577064
100,213801.890335,987356.762398
101,211194.127386,1064321.684436
102,195621.721840,1018703.895664
103,190614.322127,971690.517873
104,193859.360776,972944.834552
105,190219.673876,978960.565510
106,184655.374484,986844.285358
107,207721.845998,988669.590716
108,153648.266724,989407.327455
109,140370.836973,942318.069521
110,138144.926286,948580.606957
111,176867.702606,986959.765289
112,205059.362641,998235.393847
113,206174.923834,985828.421263
114,204630.607988,984976.121747
115,164432.112929,959864.008142
116,240584.409685,998496.714123
117,155778.337707,1042676.051911
118,153002.199894,947313.211553
119,244528.839532,1004682.755374
120,247748.727532,1003566.260361
121,204689.627473,1039005.196744
122,198271.785638,1050471.507056
123,157857.787642,994154.464210
124,179131.794411,1027278.140099
125,203883.820115,982175.147751
126,235158.326934,1015935.021634
127,254822.370056,1006568.487211
128,257117.892564,1005166.552862
129,215206.601513,1016021.970768
130,195964.285115,1041371.286428
131,201910.069620,1046313.573760
132,175062.677585,1043488.186862
133,172661.463675,990855.508987
134,197284.979273,1031739.002250
135,204694.614606,1033808.066483
136,254530.650811,1010274.320256
137,209039.353890,990763.615738
138,221428.044928,1019251.306970
139,186064.869917,1055193.049418
140,218166.434353,996787.663052
141,218699.192727,995431.197518
142,221132.775349,989365.068475
143,221982.085494,987671.709704
144,201915.790276,985104.148525
145,210842.564941,998411.743135
146,214074.296656,1002305.987360
147,237923.244821,1012217.112270
148,201205.264892,986773.546092
149,159666.945594,998651.508669
150,150763.567009,999908.708732
151,229997.644626,993063.376861
152,237290.906786,997042.628829
153,258429.141536,1009034.686271
154,155545.396170,1011301.603514
155,163199.946837,1007772.073828
156,169323.095683,937831.397916
157,203062.482655,1011322.056623
158,207069.855248,981760.163011
159,237403.265207,1008372.343191
160,201008.748072,1017500.333774
161,215447.527224,990428.525990
162,214959.581642,991908.589567
163,217776.882447,990463.795429
164,212002.893035,988362.833434
165,165498.628945,996235.968139
166,234186.326872,994834.787252
167,240777.450486,1011274.103123
168,233426.310532,1007276.655262
169,248626.500662,1010498.896619
170,211701.315981,990209.600063
171,219265.332376,1037005.246089
172,147604.722496,955074.284025
173,213491.233527,1022197.087079
174,258865.702768,1017705.685373
175,209946.980831,1052245.039653
176,144049.900290,950189.721817
177,185807.868763,1008206.486389
178,164182.164211,992488.334213
179,220388.743050,1004100.553269
180,185450.931302,1026677.579767
181,183512.266066,989405.746257
182,244523.604786,1023546.119588
183,248698.685105,1030844.605820
184,255671.999974,1037392.699344
185,250593.752991,1024530.253226
186,211974.446219,986345.398600
187,168165.569990,945169.957191
188,179279.219372,998832.380882
189,186158.903767,993240.614956
190,180324.550480,992874.569042
191,200041.333840,1055901.629082
192,210299.493289,1035449.727792
193,216284.733880,1000318.472670
194,227468.716265,1005129.342664
195,185397.130970,981704.064400
196,203864.036665,1022128.768996
197,192362.216989,1031135.253061
198,196698.544014,1011501.486842
199,227529.739801,1016742.200502
200,267014.190255,1009963.380627
201,149890.085161,1027736.521347
202,216861.162284,998114.265703
203,179057.247006,1056534.442659
204,136202.985651,926485.938978
205,191188.337270,1049933.636376
206,172088.092387,955854.205300
207,217633.299382,1012130.810578
208,239283.262415,1033088.737426
209,197610.823577,983234.045718
210,154972.187945,1000772.914156
211,203008.491333,983823.807119
212,240931.216212,1020315.903285
213,237276.931877,1023516.903780
214,153070.105539,960498.781315
215,192344.280830,1042216.245948
216,185669.032251,1034328.300065
217,195734.938140,995729.630294
218,184218.431192,1047209.161098
219,180616.254137,1049585.194577
220,260773.715089,1008953.129125
221,164718.910374,963788.572874
222,175209.803277,1016880.344555
223,222528.476020,1010448.249340
224,205899.417530,990735.940297
225,190001.966684,1003139.565788
226,208048.827128,1005124.982198
227,173132.833961,982958.798494
228,176946.791446,981122.004588
229,214975.366876,993906.172304
230,216099.139768,988628.060046
231,200780.540427,982065.701386
232,199673.277025,988955.887521
233,212491.935842,992439.560877
234,209001.626630,986894.236795
235,249885.021589,1007494.992006
236,223613.753576,996155.386766
237,219305.827826,993769.023714
238,227717.518059,991712.764443
239,224895.872165,990167.498292
240,265226.438637,1016879.869198
241,258631.992199,1013115.881750
242,247818.588169,1025564.827848
243,251552.228689,1002830.587986
244,245939.880658,1000464.311047
245,168837.058601,955698.915832
246,213727.400081,983137.466105
247,241308.757076,1005169.123029
248,243211.978776,1019590.376102
249,206902.407995,983453.224648
250,242470.435059,1026135.800631
251,164047.365150,949450.134478
252,226490.626840,1035297.158428
253,216434.846866,1028229.945252
254,260702.714185,1023253.960893
255,201159.033354,996053.803306
256,198271.799699,995365.878081
257,177405.496669,990359.381594
258,190229.069621,1024249.871623
259,266453.414552,1025106.230787
260,210434.891894,1010211.977343
261,197635.173703,980639.511771
262,221974.400788,999064.725083
263,223005.988409,997817.919659
